lambda_dot_xi,treatment,metric,mean,median,standard_deviation,minimum,maximum,mean_change_from_control,mean_percent_change_from_control,seed_improvement_count
0.0,control,global_x_rmse,0.07572730682673832,0.07594488117900625,0.007277172617603812,0.06670783179777669,0.08452920750343201,0.0,0.0,0
0.0,control,global_x_mae,0.020151823945741856,0.021844674567671307,0.002518630476923842,0.01659137177459147,0.02201942549496279,0.0,0.0,0
0.0,control,global_xi_rmse,0.0034992112083072346,0.0035102824755444124,0.0003358778786094975,0.003082422618115508,0.0039049285312617826,0.0,0.0,0
0.0,control,global_xi_mae,0.0011069030881624765,0.0010396002046578025,0.00012614306372127305,0.000997478151041671,0.0012836309087879555,0.0,0.0,0
0.0,control,global_dot_xi_rmse,0.001112137172180516,0.0011144563960673887,0.00010515443202213011,0.0009822058717288244,0.0012397492487453347,0.0,0.0,0
0.0,control,global_dot_xi_mae,0.0003645102814895489,0.0003663553730733052,3.172625149547268e-05,0.0003247640408874568,0.0004024114305078848,0.0,0.0,0
0.0,control,during_dot_xi_rmse,0.0032669982077124502,0.0033346863908529185,0.000357362641589865,0.0027994193829198395,0.003666888849364593,0.0,0.0,0
0.0,control,during_dot_xi_mae,0.001626235855261248,0.0016792658335278206,0.0002752856561770577,0.0012657086585680657,0.0019337330736878574,0.0,0.0,0
0.0,control,during_xi_rmse,0.008345244112278627,0.008226520459592693,0.0006419877249630146,0.007625086292156888,0.009184125585086304,0.0,0.0,0
0.0,control,pre_xi_rmse,0.008544526619620832,0.00834187306579476,0.0012605183439538454,0.007112048195079831,0.010179658597987909,0.0,0.0,0
0.0,control,post_xi_rmse,0.006277134047602867,0.006416057372913173,0.0005918450019347895,0.005492867522249977,0.0069224772476454526,0.0,0.0,0
0.0,control,post_xi_mae,0.0021044835765104686,0.002187393089684556,0.00013428370081986605,0.0019150670751116464,0.002210990564735203,0.0,0.0,0
0.0,control,post_dot_xi_rmse,0.0016657508340942636,0.0016258454248724318,7.951562081932746e-05,0.0015946553664689769,0.001776751710941382,0.0,0.0,0
0.0,control,hard_xi_rmse,0.00460355125166784,0.004627597839505922,0.00045613108660974235,0.004033272036626878,0.005149783878870722,0.0,0.0,0
0.0,control,ordinary_xi_rmse,0.0012346972517408772,0.0011976656363852805,6.298867714915195e-05,0.0011830500009646961,0.0013233761178726546,0.0,0.0,0
0.0,control,long_xi_rmse,0.0057027115650785986,0.0057230735346182685,0.000560995294231975,0.005005680798425579,0.0063793803621919505,0.0,0.0,0
0.0,control,hard_long_xi_rmse,0.007179193221293849,0.007205953086649276,0.0007146844807143766,0.006290813978521787,0.008040812598710485,0.0,0.0,0
0.0,control,energy_rmse,0.026319162954522718,0.02482248685595032,0.003392337534450481,0.023120109280983077,0.03101489272663475,0.0,0.0,0
0.0,control,union_violation_count,0.0,0.0,0.0,0.0,0.0,0.0,,0
0.0,control,training_wall_seconds,1129.2321899720118,1050.9054226250155,253.4620444862179,865.4711604160257,1471.3199868749944,0.0,0.0,0
0.0,control,validation_selection_mse,0.0006297619066332128,0.0006405367810412696,0.00011981343643865463,0.0004779305692899937,0.0007708183695683751,0.0,0.0,0
0.011,weak,global_x_rmse,0.0721750900700438,0.07302843401743267,0.0025836680207184212,0.06867159120123231,0.07482524499146642,-0.0035522167566945234,-4.690800327577849,2
0.011,weak,global_x_mae,0.01868849880341954,0.018410158800427737,0.0008185411899221163,0.01785457597714948,0.01980076163268141,-0.001463325142322315,-7.261502215691595,2
0.011,weak,global_xi_rmse,0.003325752949883513,0.0033917363875562703,0.00010186636179555833,0.0031818568895502415,0.0034036655725440267,-0.0001734582584237217,-4.957067410275961,2
0.011,weak,global_xi_mae,0.0009869908809006104,0.001005024185985367,5.505197953844538e-05,0.0009123832182467681,0.0010435652384696962,-0.0001199122072618661,-10.833126092450184,3
0.011,weak,global_dot_xi_rmse,0.0009978434048184789,0.000997067955195385,4.035491492028564e-05,0.0009488112171883109,0.0010476510420717408,-0.0001142937673620371,-10.276948763248928,3
0.011,weak,global_dot_xi_mae,0.0003108990171628322,0.00030025209661430503,2.2402370566773654e-05,0.0002903810064526185,0.0003420639484215731,-5.361126432671672e-05,-14.70775093301555,3
0.011,weak,during_dot_xi_rmse,0.0028895411796795983,0.0029558012217960057,9.895173207280728e-05,0.00274966673003441,0.00296315558720838,-0.00037745702803285196,-11.55363437732484,3
0.011,weak,during_dot_xi_mae,0.0012444587286982642,0.0012407238091520355,3.832718383045582e-05,0.0011994967392695384,0.0012931556376732187,-0.00038177712656298386,-23.476122810098353,3
0.011,weak,during_xi_rmse,0.008191554180610449,0.00827253651325436,0.00026281806957436374,0.007836911135586716,0.008465214892990269,-0.00015368993166817863,-1.8416469260863155,1
0.011,weak,pre_xi_rmse,0.008217028075928537,0.008821060563777254,0.0008939017105782495,0.006953269159830615,0.008876754504177744,-0.00032749854369229503,-3.832845964108289,2
0.011,weak,post_xi_rmse,0.005950062793903986,0.00580469560291935,0.00031245722688174476,0.005661366308615868,0.006384126470176736,-0.0003270712536988813,-5.2105188644773985,2
0.011,weak,post_xi_mae,0.0020959078816108513,0.0020491196156618165,0.00011333957277316521,0.0019865355588756634,0.0022520684702950745,-8.575694899617264e-06,-0.4074964041219542,1
0.011,weak,post_dot_xi_rmse,0.001564025567627347,0.0015738072149695582,5.71150620271863e-05,0.0014896981902038516,0.0016285712977086304,-0.00010172526646691667,-6.106871711232175,3
0.011,weak,hard_xi_rmse,0.004389051541135378,0.004448204068893145,0.00013158935546272457,0.004206670265717138,0.004512280288795851,-0.0002144997105324618,-4.659440045437746,2
0.011,weak,ordinary_xi_rmse,0.0011084452750031407,0.0010376207865332337,0.00010679254677117943,0.0010283374303204356,0.0012593776081557533,-0.00012625197673773645,-10.225338767031822,2
0.011,weak,long_xi_rmse,0.0054163683719323326,0.005500472048915215,0.0001325202286365144,0.005229273970255872,0.00551935909662591,-0.000286343193146266,-5.021176152406714,2
0.011,weak,hard_long_xi_rmse,0.006842027022509733,0.006913368247187389,0.00016477792525181078,0.006614235434685259,0.0069984773856565504,-0.00033716619878411576,-4.696435774761765,2
0.011,weak,energy_rmse,0.018783127012247335,0.01722883218909951,0.0024812405089660065,0.016835763936219345,0.022284784911423144,-0.007536035942275383,-28.633266017224845,3
0.011,weak,union_violation_count,0.0,0.0,0.0,0.0,0.0,0.0,,0
0.011,weak,training_wall_seconds,1429.7313725836575,1264.265057083976,288.0572600530686,1190.0809832499945,1834.848077417002,300.49918261164567,26.610929557285612,0
0.011,weak,validation_selection_mse,0.000573678634050469,0.0005993639081410903,4.4741116178899296e-05,0.0005107575461847915,0.000610914447825525,-5.608327258274377e-05,-8.905472368529255,2
0.034,moderate,global_x_rmse,0.07496304457549614,0.07826386911796337,0.004897084894685749,0.06804000689527286,0.0785852577132522,-0.0007642622512421815,-1.0092294091361143,1
0.034,moderate,global_x_mae,0.01994712359682331,0.02034191236886204,0.0026378864590124334,0.016537133091609087,0.022962325329998798,-0.00020470034891854547,-1.0157906771600111,2
0.034,moderate,global_xi_rmse,0.003177477807196003,0.0032193091682535518,0.0001345034811339935,0.0029958624608934677,0.00331726179244099,-0.00032173340111123173,-9.194455034535409,3
0.034,moderate,global_xi_mae,0.0009315265144708927,0.0009229103173338492,5.9091637686407104e-05,0.0008638481328722044,0.0010078210932066244,-0.0001753765736915838,-15.843895962267041,3
0.034,moderate,global_dot_xi_rmse,0.0009098286771699496,0.0009269138763658753,2.7188390729520697e-05,0.0008714551395710071,0.0009311170155729662,-0.0002023084950105664,-18.190966013114142,3
0.034,moderate,global_dot_xi_mae,0.00028183780522079803,0.00028178348191426774,8.406902418560943e-06,0.000271568763731808,0.0002921611700163183,-8.267247626875089e-05,-22.680423699138164,3
0.034,moderate,during_dot_xi_rmse,0.0026075925233531704,0.002644168018961766,7.349636114903421e-05,0.0025050477432372424,0.002673561807860503,-0.0006594056843592798,-20.18383979527786,3
0.034,moderate,during_dot_xi_mae,0.0010383959578833828,0.0010411578084497475,4.14639217768876e-05,0.000986288665198556,0.0010877414000018443,-0.0005878398973778653,-36.14727196403078,3
0.034,moderate,during_xi_rmse,0.007915464172168951,0.007961735300844165,0.00023566068524550832,0.007606499681996477,0.008178157533666216,-0.0004297799401096758,-5.149998422183078,3
0.034,moderate,pre_xi_rmse,0.007250008341975779,0.007178743091711134,0.0005221469004977139,0.006649129359493918,0.007922152574722285,-0.0012945182776450534,-15.150263265286645,3
0.034,moderate,post_xi_rmse,0.006139606588849902,0.00583821564508344,0.0004671315224572219,0.005781194593520686,0.0067994095279455815,-0.00013752745875296544,-2.1909275428885433,2
0.034,moderate,post_xi_mae,0.001953283385105625,0.0018794506419224995,0.0001052387328001585,0.0018782875998614999,0.0021021119135328763,-0.00015120019140484357,-7.184669583193182,3
0.034,moderate,post_dot_xi_rmse,0.0015122013555876517,0.0015247476989337597,3.860697628475269e-05,0.0014599098193385032,0.0015519465484906925,-0.00015354947850661194,-9.218034015879873,3
0.034,moderate,hard_xi_rmse,0.004209277551701608,0.00427963866048812,0.00017170757939217419,0.0039728205083464545,0.004375373486270252,-0.0003942736999662322,-8.564555457558754,3
0.034,moderate,ordinary_xi_rmse,0.000982217010992067,0.0009180416451468507,9.853190200030861e-05,0.0009071881901364425,0.0011214211976929077,-0.00025248024074881023,-20.448757004425378,3
0.034,moderate,long_xi_rmse,0.005199909935054918,0.005250321786204292,0.000206827192623147,0.004925184039617439,0.005424223979343022,-0.0005028016300236806,-8.816886919244894,3
0.034,moderate,hard_long_xi_rmse,0.006582320171115409,0.006669191338839973,0.0002598351384091406,0.006229673496100541,0.006848095678405716,-0.0005968730501784399,-8.313929320192749,3
0.034,moderate,energy_rmse,0.02086789947643722,0.01687570702899059,0.007110162786012557,0.014871597945899965,0.030856393454421097,-0.0054512634780855,-20.712146079663786,2
0.034,moderate,union_violation_count,0.0,0.0,0.0,0.0,0.0,0.0,,0
0.034,moderate,training_wall_seconds,1649.6688880413228,1636.921770749963,34.69533927581796,1615.00852045801,1697.0763729159953,520.436698069311,46.08766050870459,0
0.034,moderate,validation_selection_mse,0.0005600841940034247,0.0005912138405223057,5.9864624498779595e-05,0.0004763367576356782,0.0006127019838522907,-6.967771262978806e-05,-11.064135810038744,3
0.068,upper_stress,global_x_rmse,0.08125529812810872,0.07521135801295081,0.012551130224358118,0.06982391577953351,0.09873062059184184,0.005527991301370397,7.29986517811636,1
0.068,upper_stress,global_x_mae,0.020773906117873806,0.019173901537476824,0.0030079680322473473,0.018160435611701355,0.024987381204443243,0.0006220821721319506,3.0869770091624726,1
0.068,upper_stress,global_xi_rmse,0.003323917453555545,0.003009571924184519,0.0004847182243967521,0.002953531878607566,0.0040086485578745504,-0.0001752937547516895,-5.009521984141363,2
0.068,upper_stress,global_xi_mae,0.001010711134947337,0.0009481940047214388,0.00014358455229102212,0.0008746571428323289,0.0012092822572882433,-9.619195321513944e-05,-8.690187446746013,3
0.068,upper_stress,global_dot_xi_rmse,0.0009034161055634131,0.0008290940707159481,0.00011858415437930266,0.0008103831182984481,0.001070771127675843,-0.00020872106661710282,-18.767564994511698,3
0.068,upper_stress,global_dot_xi_mae,0.00027611550409643377,0.00025617622286956714,4.0907728522853216e-05,0.00023905343011783745,0.0003331168593018967,-8.839477739311515e-05,-24.250283704452812,3
0.068,upper_stress,during_dot_xi_rmse,0.002617387474947745,0.002423670394022016,0.0003494178300349526,0.0023205526076200884,0.0031079394232011305,-0.0006496107327647054,-19.884024767174946,3
0.068,upper_stress,during_dot_xi_mae,0.0010385531570552674,0.0010094804408205497,0.00014697873382876384,0.000874847530289963,0.0012313315000552897,-0.0005876826982059806,-36.13760552042261,3
0.068,upper_stress,during_xi_rmse,0.008384020078574176,0.007720023947822345,0.0009921610462719514,0.007645547608919291,0.009786488678980892,3.877596629554836e-05,0.4646474779389065,1
0.068,upper_stress,pre_xi_rmse,0.008033573817185984,0.006888539332364249,0.001966188181720018,0.006411662666978407,0.010800519452215298,-0.000510952802434848,-5.979884260194646,2
0.068,upper_stress,post_xi_rmse,0.005919796754944221,0.0056897141708337345,0.000437681115637452,0.005537199983900138,0.006532476110098788,-0.00035733729265864655,-5.692682200965704,1
0.068,upper_stress,post_xi_mae,0.0021927440370742117,0.0021043108197030726,0.00022620440005846103,0.001970713917220717,0.0025032073742988453,8.826046056374312e-05,4.193924892019907,1
0.068,upper_stress,post_dot_xi_rmse,0.0014958231997709022,0.0014155926106971075,0.000126586026070315,0.001397344401983972,0.001674532586631627,-0.00016992763432336147,-10.201263649119408,3
0.068,upper_stress,hard_xi_rmse,0.0043605575291338836,0.003909455023669954,0.0006511135698359756,0.003890908653550307,0.0052813089101813905,-0.00024299372253395665,-5.278397247036648,2
0.068,upper_stress,ordinary_xi_rmse,0.0012229131475196796,0.0012656927347438427,0.00015107709965133528,0.0010202394184740165,0.0013828072893411793,-1.178410422119757e-05,-0.9544124443933488,1
0.068,upper_stress,long_xi_rmse,0.005392043650035743,0.004855790330993695,0.0007981093401644753,0.004800058653055734,0.006520281966057801,-0.00031066791504285544,-5.447722745531736,2
0.068,upper_stress,hard_long_xi_rmse,0.006773688177460082,0.006069084198557431,0.0010144006501687822,0.006043787347066539,0.008208192986756277,-0.0004055050438337669,-5.648337234203682,2
0.068,upper_stress,energy_rmse,0.018371975650681754,0.020428525421950082,0.004049085104984069,0.012715462702909045,0.021971938827186125,-0.007947187303840964,-30.195440932422624,3
0.068,upper_stress,union_violation_count,0.0,0.0,0.0,0.0,0.0,0.0,,0
0.068,upper_stress,training_wall_seconds,1091.2104744166718,1220.3237632079981,260.6265648897093,727.6778636249946,1325.6297964170226,-38.02171555534005,-3.36704141920382,2
0.068,upper_stress,validation_selection_mse,0.0006450168123199232,0.0005015531864695033,0.00020470268747303734,0.0004989909010849693,0.0009345063494052971,1.5254905686710443e-05,2.422329062147499,1
