metric,lambda_dot_xi,seed,shared,split,delta_split_minus_shared,relative_delta,row_type,sign_consistency
validation_selection_mse,0.0,101,0.0006405367810412696,0.0006577887018350999,1.7251920793830318e-05,0.026933536534444198,seed,
validation_selection_mse,0.0,202,0.0004779305692899937,0.0005048792580864573,2.6948688796463605e-05,0.05638620027276799,seed,
validation_selection_mse,0.0,303,0.0007708183695683751,0.0005375700295217289,-0.00023324834004664614,-0.30259831531681725,seed,
validation_selection_mse,0.0,mean,0.0006297619066332128,0.0005667459964810955,-6.30159101521174e-05,-0.07309285950320168,aggregate,mixed
validation_selection_mse,0.034,101,0.0006127019838522907,0.0006349696457746583,2.226766192236769e-05,0.03634338146314203,seed,
validation_selection_mse,0.034,202,0.0004763367576356782,0.0004725079436006561,-3.8288140350221066e-06,-0.008038040259640302,seed,
validation_selection_mse,0.034,303,0.0005912138405223057,0.0006722505556555446,8.103671513323891e-05,0.13706836609516335,seed,
validation_selection_mse,0.034,mean,0.0005600841940034247,0.0005932427150102864,3.31585210068615e-05,0.05512456909955502,aggregate,mixed
global_x_rmse,0.0,101,0.07594488117900625,0.07699304060850276,0.0010481594294965146,0.0138015810048599,seed,
global_x_rmse,0.0,202,0.06670783179777669,0.06724641356836768,0.0005385817705909901,0.008073741209633207,seed,
global_x_rmse,0.0,303,0.08452920750343201,0.06685859443710197,-0.01767061306633004,-0.20904742382226388,seed,
global_x_rmse,0.0,mean,0.07572730682673832,0.07036601620465747,-0.0053612906220808455,-0.062390700535923584,aggregate,mixed
global_x_rmse,0.034,101,0.07826386911796337,0.07690679496041569,-0.001357074157547683,-0.017339727422653106,seed,
global_x_rmse,0.034,202,0.06804000689527286,0.06587799975705216,-0.0021620071382206923,-0.03177552791181301,seed,
global_x_rmse,0.034,303,0.0785852577132522,0.0774064660224538,-0.001178791690798403,-0.015000163199816266,seed,
global_x_rmse,0.034,mean,0.07496304457549614,0.07339708691330722,-0.001565957662188926,-0.02137180617809413,aggregate,all_negative_improvement
low_u_x_rmse,0.0,101,0.22703265817093543,0.23096601934177535,0.003933361170839922,0.017325089714090604,seed,
low_u_x_rmse,0.0,202,0.2035500971185864,0.20563357612119762,0.002083479002611216,0.010235706256614558,seed,
low_u_x_rmse,0.0,303,0.2562388717123369,0.2025169889593616,-0.05372188275297529,-0.20965547652459787,seed,
low_u_x_rmse,0.0,mean,0.22894054233395292,0.21303886147411152,-0.015901680859841383,-0.060698226851297575,aggregate,mixed
low_u_x_rmse,0.034,101,0.23244245896336435,0.22876673260318808,-0.003675726360176268,-0.01581348939676983,seed,
low_u_x_rmse,0.034,202,0.20497378523418278,0.20140298268656828,-0.0035708025476144933,-0.017420776727789106,seed,
low_u_x_rmse,0.034,303,0.24154318988794848,0.23564070275145874,-0.005902487136489748,-0.02443657028470934,seed,
low_u_x_rmse,0.034,mean,0.22631981136183188,0.22193680601373836,-0.004383005348093503,-0.01922361213642276,aggregate,all_negative_improvement
low_u_post_x_rmse,0.0,101,0.2704823991993895,0.23423851105770305,-0.03624388814168644,-0.13399721478723206,seed,
low_u_post_x_rmse,0.0,202,0.21769459032732694,0.21299859862719522,-0.004695991700131713,-0.021571467132328787,seed,
low_u_post_x_rmse,0.0,303,0.2905906393401034,0.22467459282823515,-0.06591604651186822,-0.22683472069697663,seed,
low_u_post_x_rmse,0.0,mean,0.2595892096222732,0.2239705675043778,-0.035618642117895456,-0.12746780087217915,aggregate,all_negative_improvement
low_u_post_x_rmse,0.034,101,0.26603577656942373,0.2495380903307454,-0.01649768623867834,-0.06201303618415083,seed,
low_u_post_x_rmse,0.034,202,0.22802784300853285,0.22235544495788157,-0.005672398050651284,-0.024875901011961164,seed,
low_u_post_x_rmse,0.034,303,0.2720943487117898,0.2592195551826036,-0.01287479352918619,-0.047317386745226175,seed,
low_u_post_x_rmse,0.034,mean,0.25538598942991547,0.24370436349041022,-0.011681625939505271,-0.044735441313779385,aggregate,all_negative_improvement
global_xi_rmse,0.0,101,0.0035102824755444124,0.003641938391847192,0.00013165591630277937,0.03750578969641489,seed,
global_xi_rmse,0.0,202,0.003082422618115508,0.003157477177218516,7.5054559103008e-05,0.024349211124363567,seed,
global_xi_rmse,0.0,303,0.0039049285312617826,0.003328211047804102,-0.0005767174834576806,-0.14768963857869336,seed,
global_xi_rmse,0.0,mean,0.0034992112083072346,0.0033758755389566033,-0.00012333566935063107,-0.028611545919304968,aggregate,mixed
global_xi_rmse,0.034,101,0.00331726179244099,0.0034839375368245985,0.00016667574438360838,0.050244977578619406,seed,
global_xi_rmse,0.034,202,0.0029958624608934677,0.0029841356724697467,-1.1726788423720939e-05,-0.003914328036349043,seed,
global_xi_rmse,0.034,303,0.0032193091682535518,0.0036066940555145705,0.00038738488726101873,0.12033168205188935,seed,
global_xi_rmse,0.034,mean,0.003177477807196003,0.0033582557549363054,0.00018077794774030206,0.05555411053138657,aggregate,mixed
hard_xi_rmse,0.0,101,0.004627597839505922,0.0047718234345877535,0.00014422559508183146,0.03116640643458121,seed,
hard_xi_rmse,0.0,202,0.004033272036626878,0.004115089243579601,8.181720695272284e-05,0.020285566212674445,seed,
hard_xi_rmse,0.0,303,0.005149783878870722,0.004355547163119931,-0.0007942367157507905,-0.15422719369049637,seed,
hard_xi_rmse,0.0,mean,0.00460355125166784,0.0044141532804290945,-0.00018939797123874538,-0.03425840701441357,aggregate,mixed
hard_xi_rmse,0.034,101,0.004375373486270252,0.0045950390448071775,0.00021966555853692588,0.05020498460902313,seed,
hard_xi_rmse,0.034,202,0.0039728205083464545,0.0038591359301433374,-0.00011368457820311708,-0.028615583806083967,seed,
hard_xi_rmse,0.034,303,0.00427963866048812,0.004771144611751964,0.0004915059512638443,0.1148475350972236,seed,
hard_xi_rmse,0.034,mean,0.004209277551701608,0.004408439862234159,0.00019916231053255105,0.04547897863338759,aggregate,mixed
hard_long_xi_rmse,0.0,101,0.007205953086649276,0.0074370682204929475,0.00023111513384367188,0.03207280578496508,seed,
hard_long_xi_rmse,0.0,202,0.006290813978521787,0.006458521124822131,0.00016770714630034381,0.026659053482257247,seed,
hard_long_xi_rmse,0.0,303,0.008040812598710485,0.006617006386559485,-0.0014238062121510004,-0.17707242827414457,seed,
hard_long_xi_rmse,0.0,mean,0.007179193221293849,0.006837531910624854,-0.0003416613106689949,-0.03944685633564075,aggregate,mixed
hard_long_xi_rmse,0.034,101,0.006848095678405716,0.007151483239151596,0.00030338756074587987,0.044302471080034704,seed,
hard_long_xi_rmse,0.034,202,0.006229673496100541,0.006087483935246211,-0.00014218956085433002,-0.022824560700225056,seed,
hard_long_xi_rmse,0.034,303,0.006669191338839973,0.00738083211765029,0.000711640778810317,0.10670570728206134,seed,
hard_long_xi_rmse,0.034,mean,0.006582320171115409,0.006873266430682698,0.00029094625956728893,0.042727872553957,aggregate,mixed
during_dot_xi_rmse,0.0,101,0.0033346863908529185,0.0031808977243280613,-0.0001537886665248572,-0.04611787991419559,seed,
during_dot_xi_rmse,0.0,202,0.0027994193829198395,0.002842168226781833,4.274884386199331e-05,0.015270610799802914,seed,
during_dot_xi_rmse,0.0,303,0.003666888849364593,0.0030325567569814507,-0.0006343320923831424,-0.17298917923106966,seed,
during_dot_xi_rmse,0.0,mean,0.0032669982077124502,0.003018540902697115,-0.0002484573050153354,-0.06794548278182078,aggregate,mixed
during_dot_xi_rmse,0.034,101,0.002673561807860503,0.002737642094404076,6.408028654357294e-05,0.023968133579396353,seed,
during_dot_xi_rmse,0.034,202,0.0025050477432372424,0.002493149179844148,-1.1898563393094534e-05,-0.004749834978281958,seed,
during_dot_xi_rmse,0.034,303,0.002644168018961766,0.002785262815617857,0.00014109479665609095,0.05336075304000232,seed,
during_dot_xi_rmse,0.034,mean,0.0026075925233531704,0.0026720180299553598,6.442550660218978e-05,0.024193017213705575,aggregate,mixed
post_xi_rmse,0.0,101,0.0069224772476454526,0.007159016498157172,0.00023653925051171903,0.034169740405022395,seed,
post_xi_rmse,0.0,202,0.005492867522249977,0.0065611380763520855,0.0010682705541021085,0.19448321842368513,seed,
post_xi_rmse,0.0,303,0.006416057372913173,0.005848551460566058,-0.0005675059123471148,-0.08845087868805046,seed,
post_xi_rmse,0.0,mean,0.006277134047602867,0.006522902011691772,0.00024576796408890423,0.04673402671355235,aggregate,mixed
post_xi_rmse,0.034,101,0.0067994095279455815,0.007104042059800763,0.0003046325318551814,0.044802792154692454,seed,
post_xi_rmse,0.034,202,0.005781194593520686,0.005892082033848396,0.00011088744032771054,0.019180714043424245,seed,
post_xi_rmse,0.034,303,0.00583821564508344,0.006433176059187043,0.0005949604141036033,0.10190792020583202,seed,
post_xi_rmse,0.034,mean,0.006139606588849902,0.006476433384278734,0.0003368267954288317,0.05529714213464957,aggregate,all_positive_degradation
low_u_post_e_perp_rmse,0.0,101,0.0440053437066039,0.04386946330260672,-0.00013588040399718088,-0.0030878159912381105,seed,
low_u_post_e_perp_rmse,0.0,202,0.038780670913803675,0.0425382031205694,0.0037575322067657235,0.09689188243074617,seed,
low_u_post_e_perp_rmse,0.0,303,0.03886698066519201,0.04219885670286817,0.0033318760376761652,0.08572510600649985,seed,
low_u_post_e_perp_rmse,0.0,mean,0.04055099842853319,0.04286884104201477,0.0023178426134815694,0.05984305748200264,aggregate,mixed
low_u_post_e_perp_rmse,0.034,101,0.04100392915617916,0.04569164152920748,0.00468771237302832,0.11432349215055398,seed,
low_u_post_e_perp_rmse,0.034,202,0.03825580168871918,0.03863378354411381,0.0003779818553946296,0.009880379934792698,seed,
low_u_post_e_perp_rmse,0.034,303,0.034290397216069614,0.040166124007812797,0.005875726791743183,0.17135196057132937,seed,
low_u_post_e_perp_rmse,0.034,mean,0.03785004268698932,0.04149718302704469,0.0036471403400553776,0.09851861088555869,aggregate,all_positive_degradation
low_u_post_e_parallel_rmse,0.0,101,0.11538305159242022,0.11682310249449282,0.0014400509020725955,0.01248061029933096,seed,
low_u_post_e_parallel_rmse,0.0,202,0.09003298171949699,0.1083741718994526,0.018341190179955613,0.20371634738365837,seed,
low_u_post_e_parallel_rmse,0.0,303,0.10329456032134242,0.0965949146995037,-0.0066996456218387235,-0.06485961701174367,seed,
low_u_post_e_parallel_rmse,0.0,mean,0.10290353121108654,0.10726406303114971,0.004360531820063161,0.05044578022374855,aggregate,mixed
low_u_post_e_parallel_rmse,0.034,101,0.1152379176657033,0.11570338496144805,0.0004654672957447592,0.0040391852367121514,seed,
low_u_post_e_parallel_rmse,0.034,202,0.09537217539948231,0.0965775657189099,0.0012053903194275822,0.012638804917457353,seed,
low_u_post_e_parallel_rmse,0.034,303,0.09840082299688513,0.10293981041134585,0.004538987414460724,0.046127535077673136,seed,
low_u_post_e_parallel_rmse,0.034,mean,0.10300363868735692,0.10507358703056795,0.002069948343211022,0.02093517507728088,aggregate,all_positive_degradation
dense_0p05_e_perp_rmse,0.0,101,0.020165006271496113,0.01650221041311384,-0.0036627958583822715,-0.18164119609324156,seed,
dense_0p05_e_perp_rmse,0.0,202,0.01342575414660743,0.008465853931832364,-0.0049599002147750655,-0.36943177721069687,seed,
dense_0p05_e_perp_rmse,0.0,303,0.020428008708424296,0.011597903314266972,-0.008830105394157324,-0.43225482817206173,seed,
dense_0p05_e_perp_rmse,0.0,mean,0.018006256375509278,0.012188655886404392,-0.005817600489104888,-0.3277759338253334,aggregate,all_negative_improvement
dense_0p05_e_perp_rmse,0.034,101,0.020428883301888568,0.01646691061095561,-0.003961972690932958,-0.19393975835021238,seed,
dense_0p05_e_perp_rmse,0.034,202,0.013891536912508344,0.008765130662229163,-0.005126406250279181,-0.3690308914388886,seed,
dense_0p05_e_perp_rmse,0.034,303,0.019433358016786896,0.020926916701025207,0.0014935586842383108,0.07685540928892202,seed,
dense_0p05_e_perp_rmse,0.034,mean,0.01791792607706127,0.015386319324736658,-0.0025316067523246093,-0.16203841350005962,aggregate,mixed
dense_0p05_e_parallel_rmse,0.0,101,0.03329636474707091,0.03465548771767028,0.001359122970599376,0.04081895969496005,seed,
dense_0p05_e_parallel_rmse,0.0,202,0.015070010278602441,0.02600329999611762,0.010933289717515178,0.7254998182077621,seed,
dense_0p05_e_parallel_rmse,0.0,303,0.03459956504831022,0.02246578944927662,-0.012133775599033603,-0.35069156453532335,seed,
dense_0p05_e_parallel_rmse,0.0,mean,0.027655313357994524,0.027708192387688176,5.287902969365021e-05,0.1385424044557996,aggregate,mixed
dense_0p05_e_parallel_rmse,0.034,101,0.030592781193585303,0.029605151061371196,-0.0009876301322141075,-0.03228311038360886,seed,
dense_0p05_e_parallel_rmse,0.034,202,0.023490265509999272,0.017673430115043978,-0.0058168353949552935,-0.24762748605285875,seed,
dense_0p05_e_parallel_rmse,0.034,303,0.0279260737819512,0.02349149970835409,-0.004434574073597111,-0.15879690457822984,seed,
dense_0p05_e_parallel_rmse,0.034,mean,0.02733637349517859,0.023590026961589756,-0.0037463465335888374,-0.1462358336715658,aggregate,all_negative_improvement
dense_0p05_x_rmse,0.0,101,0.11681269622547587,0.11291418920663528,-0.0038985070188405913,-0.03337400081336672,seed,
dense_0p05_x_rmse,0.0,202,0.03518865735101889,0.09958607589264001,0.06439741854162112,1.830061826435571,seed,
dense_0p05_x_rmse,0.0,303,0.19850613677017434,0.0478850129400007,-0.15062112383017365,-0.7587731355860257,seed,
dense_0p05_x_rmse,0.0,mean,0.11683583011555636,0.08679509267975866,-0.030040737435797705,0.34597156334539286,aggregate,mixed
dense_0p05_x_rmse,0.034,101,0.10903740320782572,0.0967841424451044,-0.012253260762721319,-0.11237667444598397,seed,
dense_0p05_x_rmse,0.034,202,0.09078139334598218,0.061270714891271616,-0.02951067845471056,-0.32507408585634634,seed,
dense_0p05_x_rmse,0.034,303,0.16810662384707062,0.09947777401318483,-0.06862884983388579,-0.40824595880480347,seed,
dense_0p05_x_rmse,0.034,mean,0.12264180680029284,0.08584421044985362,-0.03679759635043922,-0.28189890636904463,aggregate,all_negative_improvement
energy_rmse,0.0,101,0.02482248685595032,0.04404956343336535,0.01922707657741503,0.7745830097118579,seed,
energy_rmse,0.0,202,0.023120109280983077,0.022387602015039466,-0.0007325072659436112,-0.031682690468341275,seed,
energy_rmse,0.0,303,0.03101489272663475,0.02141302209357318,-0.00960187063306157,-0.3095890325235832,seed,
energy_rmse,0.0,mean,0.026319162954522718,0.029283395847326,0.0029642328928032834,0.14443709557331114,aggregate,mixed
energy_rmse,0.034,101,0.030856393454421097,0.026503196036666687,-0.0043531974177544105,-0.14107926852127578,seed,
energy_rmse,0.034,202,0.014871597945899965,0.021801299257511703,0.006929701311611738,0.4659688445599907,seed,
energy_rmse,0.034,303,0.01687570702899059,0.016857300117488885,-1.8406911501706036e-05,-0.0010907342412430486,seed,
energy_rmse,0.034,mean,0.02086789947643722,0.021720598470555758,0.0008526989941185405,0.10793294726582396,aggregate,mixed
